year,state_full,income,state
2015,Alabama,44509,AL
2014,Alabama,42278,AL
2013,Alabama,47320,AL
2012,Alabama,43464,AL
2011,Alabama,42590,AL
2010,Alabama,40933,AL
2009,Alabama,39980,AL
2008,Alabama,44476,AL
2007,Alabama,42212,AL
2006,Alabama,37952,AL
2005,Alabama,37150,AL
2004,Alabama,36629,AL
2003,Alabama,37255,AL
2002,Alabama,37603,AL
2001,Alabama,35160,AL
2000,Alabama,35424,AL
1999,Alabama,36251,AL
1998,Alabama,36266,AL
1997,Alabama,31939,AL
1996,Alabama,30302,AL
1995,Alabama,25991,AL
1994,Alabama,27196,AL
1993,Alabama,25082,AL
1992,Alabama,25808,AL
1991,Alabama,24346,AL
1990,Alabama,23357,AL
1989,Alabama,21284,AL
1988,Alabama,19948,AL
1987,Alabama,19734,AL
1986,Alabama,19132,AL
1985,Alabama,18333,AL
1984,Alabama,17310,AL
2015,Alaska,75112,AK
2014,Alaska,67629,AK
2013,Alaska,72472,AK
2012,Alaska,63648,AK
2011,Alaska,57431,AK
2010,Alaska,57848,AK
2009,Alaska,61604,AK
2008,Alaska,63989,AK
2007,Alaska,62993,AK
2006,Alaska,56418,AK
2005,Alaska,55891,AK
2004,Alaska,55063,AK
2003,Alaska,51837,AK
2002,Alaska,52774,AK
2001,Alaska,57363,AK
2000,Alaska,52847,AK
1999,Alaska,51396,AK
1998,Alaska,50692,AK
1997,Alaska,47994,AK
1996,Alaska,52779,AK
1995,Alaska,47954,AK
1994,Alaska,45367,AK
1993,Alaska,42931,AK
1992,Alaska,41802,AK
1991,Alaska,40612,AK
1990,Alaska,39298,AK
1989,Alaska,36006,AK
1988,Alaska,33103,AK
1987,Alaska,33233,AK
1986,Alaska,31356,AK
1985,Alaska,34782,AK
1984,Alaska,32356,AK
2015,Arizona,52248,AZ
2014,Arizona,49254,AZ
2013,Arizona,52611,AZ
2012,Arizona,47044,AZ
2011,Arizona,48621,AZ
2010,Arizona,46896,AZ
2009,Arizona,45739,AZ
2008,Arizona,46914,AZ
2007,Arizona,47215,AZ
2006,Arizona,46657,AZ
2005,Arizona,45245,AZ
2004,Arizona,43846,AZ
2003,Arizona,41166,AZ
2002,Arizona,39734,AZ
2001,Arizona,42704,AZ
2000,Arizona,39783,AZ
1999,Arizona,36995,AZ
1998,Arizona,37090,AZ
1997,Arizona,32740,AZ
1996,Arizona,31637,AZ
1995,Arizona,30863,AZ
1994,Arizona,31293,AZ
1993,Arizona,30510,AZ
1992,Arizona,29358,AZ
1991,Arizona,30737,AZ
1990,Arizona,29224,AZ
1989,Arizona,28552,AZ
1988,Arizona,26435,AZ
1987,Arizona,26749,AZ
1986,Arizona,25500,AZ
1985,Arizona,23877,AZ
1984,Arizona,21425,AZ
2015,Arkansas,42798,AR
2014,Arkansas,44922,AR
2013,Arkansas,39376,AR
2012,Arkansas,39018,AR
2011,Arkansas,41302,AR
2010,Arkansas,38587,AR
2009,Arkansas,36538,AR
2008,Arkansas,39586,AR
2007,Arkansas,40795,AR
2006,Arkansas,37057,AR
2005,Arkansas,36658,AR
2004,Arkansas,34984,AR
2003,Arkansas,32002,AR
2002,Arkansas,32387,AR
2001,Arkansas,33339,AR
2000,Arkansas,29697,AR
1999,Arkansas,29682,AR
1998,Arkansas,27665,AR
1997,Arkansas,26162,AR
1996,Arkansas,27123,AR
1995,Arkansas,25814,AR
1994,Arkansas,25565,AR
1993,Arkansas,23039,AR
1992,Arkansas,23882,AR
1991,Arkansas,23435,AR
1990,Arkansas,22786,AR
1989,Arkansas,21433,AR
1988,Arkansas,20172,AR
1987,Arkansas,18827,AR
1986,Arkansas,18730,AR
1985,Arkansas,17451,AR
1984,Arkansas,15674,AR
2015,California,63636,CA
2014,California,60487,CA
2013,California,60794,CA
2012,California,57020,CA
2011,California,53367,CA
2010,California,54283,CA
2009,California,56134,CA
2008,California,57014,CA
2007,California,55734,CA
2006,California,55319,CA
2005,California,51755,CA
2004,California,49222,CA
2003,California,49300,CA
2002,California,47437,CA
2001,California,47262,CA
2000,California,46816,CA
1999,California,43629,CA
1998,California,40934,CA
1997,California,39694,CA
1996,California,38812,CA
1995,California,37009,CA
1994,California,35331,CA
1993,California,34073,CA
1992,California,34903,CA
1991,California,33664,CA
1990,California,33290,CA
1989,California,33009,CA
1988,California,30287,CA
1987,California,30146,CA
1986,California,29010,CA
1985,California,26981,CA
1984,California,25287,CA
2015,Colorado,66596,CO
2014,Colorado,60940,CO
2013,Colorado,67912,CO
2012,Colorado,57255,CO
2011,Colorado,58629,CO
2010,Colorado,60233,CO
2009,Colorado,55930,CO
2008,Colorado,60943,CO
2007,Colorado,61141,CO
2006,Colorado,55697,CO
2005,Colorado,50449,CO
2004,Colorado,50886,CO
2003,Colorado,49940,CO
2002,Colorado,48294,CO
2001,Colorado,49397,CO
2000,Colorado,48240,CO
1999,Colorado,48177,CO
1998,Colorado,46599,CO
1997,Colorado,43233,CO
1996,Colorado,40950,CO
1995,Colorado,40706,CO
1994,Colorado,37833,CO
1993,Colorado,34488,CO
1992,Colorado,32484,CO
1991,Colorado,31499,CO
1990,Colorado,30733,CO
1989,Colorado,26806,CO
1988,Colorado,26214,CO
1987,Colorado,26476,CO
1986,Colorado,27192,CO
1985,Colorado,28182,CO
1984,Colorado,25801,CO
2015,Connecticut,72889,CT
2014,Connecticut,70161,CT
2013,Connecticut,69291,CT
2012,Connecticut,64247,CT
2011,Connecticut,65415,CT
2010,Connecticut,65998,CT
2009,Connecticut,64851,CT
2008,Connecticut,64682,CT
2007,Connecticut,64141,CT
2006,Connecticut,62404,CT
2005,Connecticut,56835,CT
2004,Connecticut,55100,CT
2003,Connecticut,54965,CT
2002,Connecticut,53387,CT
2001,Connecticut,53347,CT
2000,Connecticut,50172,CT
1999,Connecticut,50593,CT
1998,Connecticut,46508,CT
1997,Connecticut,43985,CT
1996,Connecticut,42119,CT
1995,Connecticut,40243,CT
1994,Connecticut,41097,CT
1993,Connecticut,39516,CT
1992,Connecticut,40841,CT
1991,Connecticut,42154,CT
1990,Connecticut,38870,CT
1989,Connecticut,42321,CT
1988,Connecticut,36213,CT
1987,Connecticut,32862,CT
1986,Connecticut,32721,CT
1985,Connecticut,31090,CT
1984,Connecticut,29951,CT
2015,Delaware,57756,DE
2014,Delaware,57522,DE
2013,Delaware,54091,DE
2012,Delaware,48972,DE
2011,Delaware,54660,DE
2010,Delaware,55214,DE
2009,Delaware,52114,DE
2008,Delaware,50702,DE
2007,Delaware,54589,DE
2006,Delaware,52438,DE
2005,Delaware,51235,DE
2004,Delaware,48049,DE
2003,Delaware,49019,DE
2002,Delaware,49650,DE
2001,Delaware,49602,DE
2000,Delaware,50365,DE
1999,Delaware,46628,DE
1998,Delaware,41458,DE
1997,Delaware,43033,DE
1996,Delaware,39309,DE
1995,Delaware,34928,DE
1994,Delaware,35873,DE
1993,Delaware,36064,DE
1992,Delaware,35678,DE
1991,Delaware,32585,DE
1990,Delaware,30804,DE
1989,Delaware,32068,DE
1988,Delaware,30505,DE
1987,Delaware,29244,DE
1986,Delaware,25626,DE
1985,Delaware,22980,DE
1984,Delaware,25819,DE
2015,D.C.,70071,DC
2014,D.C.,68277,DC
2013,D.C.,60057,DC
2012,D.C.,65246,DC
2011,D.C.,55251,DC
2010,D.C.,56928,DC
2009,D.C.,53141,DC
2008,D.C.,55590,DC
2007,D.C.,50783,DC
2006,D.C.,48477,DC
2005,D.C.,44993,DC
2004,D.C.,43451,DC
2003,D.C.,45044,DC
2002,D.C.,39070,DC
2001,D.C.,41169,DC
2000,D.C.,41222,DC
1999,D.C.,38670,DC
1998,D.C.,33433,DC
1997,D.C.,31860,DC
1996,D.C.,31966,DC
1995,D.C.,30748,DC
1994,D.C.,30116,DC
1993,D.C.,27304,DC
1992,D.C.,30247,DC
1991,D.C.,29885,DC
1990,D.C.,27392,DC
1989,D.C.,26752,DC
1988,D.C.,26741,DC
1987,D.C.,27455,DC
1986,D.C.,24322,DC
1985,D.C.,21076,DC
1984,D.C.,20408,DC
2015,Florida,48825,FL
2014,Florida,46140,FL
2013,Florida,48532,FL
2012,Florida,46071,FL
2011,Florida,45105,FL
2010,Florida,44066,FL
2009,Florida,45631,FL
2008,Florida,44857,FL
2007,Florida,45794,FL
2006,Florida,45676,FL
2005,Florida,42990,FL
2004,Florida,40535,FL
2003,Florida,38972,FL
2002,Florida,38024,FL
2001,Florida,36421,FL
2000,Florida,38856,FL
1999,Florida,35831,FL
1998,Florida,34909,FL
1997,Florida,32455,FL
1996,Florida,30641,FL
1995,Florida,29745,FL
1994,Florida,29294,FL
1993,Florida,28550,FL
1992,Florida,27349,FL
1991,Florida,27252,FL
1990,Florida,26685,FL
1989,Florida,26085,FL
1988,Florida,25406,FL
1987,Florida,24489,FL
1986,Florida,22849,FL
1985,Florida,21343,FL
1984,Florida,19785,FL
2015,Georgia,50768,GA
2014,Georgia,49555,GA
2013,Georgia,46992,GA
2012,Georgia,48121,GA
2011,Georgia,45973,GA
2010,Georgia,44117,GA
2009,Georgia,43340,GA
2008,Georgia,46227,GA
2007,Georgia,48641,GA
2006,Georgia,49344,GA
2005,Georgia,45926,GA
2004,Georgia,40984,GA
2003,Georgia,42438,GA
2002,Georgia,42939,GA
2001,Georgia,42576,GA
2000,Georgia,41901,GA
1999,Georgia,39425,GA
1998,Georgia,38665,GA
1997,Georgia,36663,GA
1996,Georgia,32496,GA
1995,Georgia,34099,GA
1994,Georgia,31467,GA
1993,Georgia,31663,GA
1992,Georgia,28797,GA
1991,Georgia,27212,GA
1990,Georgia,27561,GA
1989,Georgia,27542,GA
1988,Georgia,26566,GA
1987,Georgia,26714,GA
1986,Georgia,24370,GA
1985,Georgia,21049,GA
1984,Georgia,19984,GA
2015,Hawaii,64514,HI
2014,Hawaii,71223,HI
2013,Hawaii,64235,HI
2012,Hawaii,56263,HI
2011,Hawaii,59047,HI
2010,Hawaii,59539,HI
2009,Hawaii,55649,HI
2008,Hawaii,61521,HI
2007,Hawaii,64022,HI
2006,Hawaii,60470,HI
2005,Hawaii,59586,HI
2004,Hawaii,56242,HI
2003,Hawaii,51834,HI
2002,Hawaii,47303,HI
2001,Hawaii,47439,HI
2000,Hawaii,51546,HI
1999,Hawaii,44504,HI
1998,Hawaii,40827,HI
1997,Hawaii,40934,HI
1996,Hawaii,41772,HI
1995,Hawaii,42851,HI
1994,Hawaii,42255,HI
1993,Hawaii,42662,HI
1992,Hawaii,42113,HI
1991,Hawaii,37246,HI
1990,Hawaii,38921,HI
1989,Hawaii,35035,HI
1988,Hawaii,33024,HI
1987,Hawaii,35022,HI
1986,Hawaii,29003,HI
1985,Hawaii,28961,HI
1984,Hawaii,28877,HI
2015,Idaho,51624,ID
2014,Idaho,53438,ID
2013,Idaho,48467,ID
2012,Idaho,47922,ID
2011,Idaho,47459,ID
2010,Idaho,47050,ID
2009,Idaho,46778,ID
2008,Idaho,47420,ID
2007,Idaho,49184,ID
2006,Idaho,46213,ID
2005,Idaho,44176,ID
2004,Idaho,44358,ID
2003,Idaho,42372,ID
2002,Idaho,37715,ID
2001,Idaho,38241,ID
2000,Idaho,37611,ID
1999,Idaho,35800,ID
1998,Idaho,36680,ID
1997,Idaho,33404,ID
1996,Idaho,34709,ID
1995,Idaho,32676,ID
1994,Idaho,31536,ID
1993,Idaho,31010,ID
1992,Idaho,27704,ID
1991,Idaho,26116,ID
1990,Idaho,25305,ID
1989,Idaho,24654,ID
1988,Idaho,23450,ID
1987,Idaho,20755,ID
1986,Idaho,20749,ID
1985,Idaho,20761,ID
1984,Idaho,21092,ID
2015,Illinois,60413,IL
2014,Illinois,54916,IL
2013,Illinois,53937,IL
2012,Illinois,51738,IL
2011,Illinois,50637,IL
2010,Illinois,50728,IL
2009,Illinois,52870,IL
2008,Illinois,53254,IL
2007,Illinois,52506,IL
2006,Illinois,48671,IL
2005,Illinois,48398,IL
2004,Illinois,46077,IL
2003,Illinois,45153,IL
2002,Illinois,42710,IL
2001,Illinois,46171,IL
2000,Illinois,46064,IL
1999,Illinois,46330,IL
1998,Illinois,43178,IL
1997,Illinois,41283,IL
1996,Illinois,39554,IL
1995,Illinois,38071,IL
1994,Illinois,35081,IL
1993,Illinois,32857,IL
1992,Illinois,31551,IL
1991,Illinois,31884,IL
1990,Illinois,32542,IL
1989,Illinois,31300,IL
1988,Illinois,29524,IL
1987,Illinois,27084,IL
1986,Illinois,26511,IL
1985,Illinois,24870,IL
1984,Illinois,23752,IL
2015,Indiana,51983,IN
2014,Indiana,48060,IN
2013,Indiana,49455,IN
2012,Indiana,46158,IN
2011,Indiana,44445,IN
2010,Indiana,46139,IN
2009,Indiana,44305,IN
2008,Indiana,46520,IN
2007,Indiana,47453,IN
2006,Indiana,45407,IN
2005,Indiana,42437,IN
2004,Indiana,42329,IN
2003,Indiana,42425,IN
2002,Indiana,41047,IN
2001,Indiana,40379,IN
2000,Indiana,40865,IN
1999,Indiana,40838,IN
1998,Indiana,39731,IN
1997,Indiana,38889,IN
1996,Indiana,35147,IN
1995,Indiana,33385,IN
1994,Indiana,27858,IN
1993,Indiana,29475,IN
1992,Indiana,28530,IN
1991,Indiana,27089,IN
1990,Indiana,26928,IN
1989,Indiana,25898,IN
1988,Indiana,26293,IN
1987,Indiana,22519,IN
1986,Indiana,22728,IN
1985,Indiana,22675,IN
1984,Indiana,22770,IN
2015,Iowa,60855,IA
2014,Iowa,57810,IA
2013,Iowa,60156,IA
2012,Iowa,53442,IA
2011,Iowa,50219,IA
2010,Iowa,49016,IA
2009,Iowa,50721,IA
2008,Iowa,50142,IA
2007,Iowa,48908,IA
2006,Iowa,48126,IA
2005,Iowa,46500,IA
2004,Iowa,43391,IA
2003,Iowa,41384,IA
2002,Iowa,41049,IA
2001,Iowa,40976,IA
2000,Iowa,40991,IA
1999,Iowa,41098,IA
1998,Iowa,37019,IA
1997,Iowa,33783,IA
1996,Iowa,33209,IA
1995,Iowa,35519,IA
1994,Iowa,33079,IA
1993,Iowa,28663,IA
1992,Iowa,28743,IA
1991,Iowa,28553,IA
1990,Iowa,27288,IA
1989,Iowa,26265,IA
1988,Iowa,24305,IA
1987,Iowa,22190,IA
1986,Iowa,22459,IA
1985,Iowa,20927,IA
1984,Iowa,19863,IA
2015,Kansas,54865,KS
2014,Kansas,53444,KS
2013,Kansas,47820,KS
2012,Kansas,50003,KS
2011,Kansas,46147,KS
2010,Kansas,46054,KS
2009,Kansas,44717,KS
2008,Kansas,47877,KS
2007,Kansas,48497,KS
2006,Kansas,45552,KS
2005,Kansas,42027,KS
2004,Kansas,41066,KS
2003,Kansas,44232,KS
2002,Kansas,42619,KS
2001,Kansas,41415,KS
2000,Kansas,41059,KS
1999,Kansas,37348,KS
1998,Kansas,36711,KS
1997,Kansas,36471,KS
1996,Kansas,32585,KS
1995,Kansas,30341,KS
1994,Kansas,28322,KS
1993,Kansas,29770,KS
1992,Kansas,30346,KS
1991,Kansas,29295,KS
1990,Kansas,29917,KS
1989,Kansas,26862,KS
1988,Kansas,25566,KS
1987,Kansas,25583,KS
1986,Kansas,23926,KS
1985,Kansas,22788,KS
1984,Kansas,24629,KS
2015,Kentucky,42387,KY
2014,Kentucky,42786,KY
2013,Kentucky,44879,KY
2012,Kentucky,41086,KY
2011,Kentucky,39856,KY
2010,Kentucky,41104,KY
2009,Kentucky,42664,KY
2008,Kentucky,41148,KY
2007,Kentucky,39452,KY
2006,Kentucky,39485,KY
2005,Kentucky,36699,KY
2004,Kentucky,35610,KY
2003,Kentucky,36936,KY
2002,Kentucky,36762,KY
2001,Kentucky,38437,KY
2000,Kentucky,36265,KY
1999,Kentucky,33738,KY
1998,Kentucky,36252,KY
1997,Kentucky,33452,KY
1996,Kentucky,32413,KY
1995,Kentucky,29810,KY
1994,Kentucky,26595,KY
1993,Kentucky,24376,KY
1992,Kentucky,23485,KY
1991,Kentucky,23764,KY
1990,Kentucky,24780,KY
1989,Kentucky,23283,KY
1988,Kentucky,19907,KY
1987,Kentucky,20673,KY
1986,Kentucky,19874,KY
1985,Kentucky,17361,KY
1984,Kentucky,17680,KY
2015,Louisiana,45922,LA
2014,Louisiana,42406,LA
2013,Louisiana,46425,LA
2012,Louisiana,39085,LA
2011,Louisiana,40658,LA
2010,Louisiana,39300,LA
2009,Louisiana,45433,LA
2008,Louisiana,39563,LA
2007,Louisiana,41313,LA
2006,Louisiana,36488,LA
2005,Louisiana,37236,LA
2004,Louisiana,36429,LA
2003,Louisiana,33507,LA
2002,Louisiana,34008,LA
2001,Louisiana,33322,LA
2000,Louisiana,30718,LA
1999,Louisiana,32654,LA
1998,Louisiana,31735,LA
1997,Louisiana,33260,LA
1996,Louisiana,30262,LA
1995,Louisiana,27949,LA
1994,Louisiana,25676,LA
1993,Louisiana,26312,LA
1992,Louisiana,25439,LA
1991,Louisiana,25299,LA
1990,Louisiana,22405,LA
1989,Louisiana,22861,LA
1988,Louisiana,20497,LA
1987,Louisiana,21349,LA
1986,Louisiana,20890,LA
1985,Louisiana,21179,LA
1984,Louisiana,18949,LA
2015,Maine,50756,ME
2014,Maine,51710,ME
2013,Maine,54957,ME
2012,Maine,49158,ME
2011,Maine,49693,ME
2010,Maine,47931,ME
2009,Maine,47502,ME
2008,Maine,47228,ME
2007,Maine,47894,ME
2006,Maine,45642,ME
2005,Maine,43923,ME
2004,Maine,41329,ME
2003,Maine,37113,ME
2002,Maine,36853,ME
2001,Maine,36612,ME
2000,Maine,37266,ME
1999,Maine,38862,ME
1998,Maine,35640,ME
1997,Maine,32772,ME
1996,Maine,34696,ME
1995,Maine,33858,ME
1994,Maine,30316,ME
1993,Maine,27438,ME
1992,Maine,29617,ME
1991,Maine,27868,ME
1990,Maine,27464,ME
1989,Maine,28221,ME
1988,Maine,26402,ME
1987,Maine,23600,ME
1986,Maine,23424,ME
1985,Maine,20519,ME
1984,Maine,20648,ME
2015,Maryland,73594,MD
2014,Maryland,76165,MD
2013,Maryland,69353,MD
2012,Maryland,71836,MD
2011,Maryland,68876,MD
2010,Maryland,64201,MD
2009,Maryland,64186,MD
2008,Maryland,63711,MD
2007,Maryland,65630,MD
2006,Maryland,63668,MD
2005,Maryland,60512,MD
2004,Maryland,57103,MD
2003,Maryland,52314,MD
2002,Maryland,56407,MD
2001,Maryland,53530,MD
2000,Maryland,54535,MD
1999,Maryland,52205,MD
1998,Maryland,50016,MD
1997,Maryland,46685,MD
1996,Maryland,43993,MD
1995,Maryland,41041,MD
1994,Maryland,39198,MD
1993,Maryland,39939,MD
1992,Maryland,37203,MD
1991,Maryland,36952,MD
1990,Maryland,38857,MD
1989,Maryland,36016,MD
1988,Maryland,36552,MD
1987,Maryland,34970,MD
1986,Maryland,30604,MD
1985,Maryland,30136,MD
1984,Maryland,29708,MD
2015,Massachusetts,67861,MA
2014,Massachusetts,63151,MA
2013,Massachusetts,62529,MA
2012,Massachusetts,63656,MA
2011,Massachusetts,63313,MA
2010,Massachusetts,60934,MA
2009,Massachusetts,59373,MA
2008,Massachusetts,60320,MA
2007,Massachusetts,58463,MA
2006,Massachusetts,55330,MA
2005,Massachusetts,56017,MA
2004,Massachusetts,52019,MA
2003,Massachusetts,50955,MA
2002,Massachusetts,49855,MA
2001,Massachusetts,52253,MA
2000,Massachusetts,46753,MA
1999,Massachusetts,44005,MA
1998,Massachusetts,42345,MA
1997,Massachusetts,42023,MA
1996,Massachusetts,39494,MA
1995,Massachusetts,38574,MA
1994,Massachusetts,40500,MA
1993,Massachusetts,37064,MA
1992,Massachusetts,36359,MA
1991,Massachusetts,35714,MA
1990,Massachusetts,36247,MA
1989,Massachusetts,36086,MA
1988,Massachusetts,33213,MA
1987,Massachusetts,32241,MA
1986,Massachusetts,30339,MA
1985,Massachusetts,28207,MA
1984,Massachusetts,26959,MA
2015,Michigan,54203,MI
2014,Michigan,52005,MI
2013,Michigan,56567,MI
2012,Michigan,50015,MI
2011,Michigan,48879,MI
2010,Michigan,46276,MI
2009,Michigan,45994,MI
2008,Michigan,49788,MI
2007,Michigan,49370,MI
2006,Michigan,48647,MI
2005,Michigan,45933,MI
2004,Michigan,42256,MI
2003,Michigan,45022,MI
2002,Michigan,42715,MI
2001,Michigan,45047,MI
2000,Michigan,45512,MI
1999,Michigan,46089,MI
1998,Michigan,41821,MI
1997,Michigan,38742,MI
1996,Michigan,39225,MI
1995,Michigan,36426,MI
1994,Michigan,35284,MI
1993,Michigan,32662,MI
1992,Michigan,32267,MI
1991,Michigan,32117,MI
1990,Michigan,29937,MI
1989,Michigan,30775,MI
1988,Michigan,29472,MI
1987,Michigan,27702,MI
1986,Michigan,26605,MI
1985,Michigan,24242,MI
1984,Michigan,22965,MI
2015,Minnesota,68730,MN
2014,Minnesota,67244,MN
2013,Minnesota,64324,MN
2012,Minnesota,61795,MN
2011,Minnesota,57820,MN
2010,Minnesota,52321,MN
2009,Minnesota,56090,MN
2008,Minnesota,54925,MN
2007,Minnesota,58058,MN
2006,Minnesota,56211,MN
2005,Minnesota,54215,MN
2004,Minnesota,56104,MN
2003,Minnesota,52823,MN
2002,Minnesota,54622,MN
2001,Minnesota,52681,MN
2000,Minnesota,54251,MN
1999,Minnesota,47038,MN
1998,Minnesota,47926,MN
1997,Minnesota,42564,MN
1996,Minnesota,40991,MN
1995,Minnesota,37933,MN
1994,Minnesota,33644,MN
1993,Minnesota,33682,MN
1992,Minnesota,30981,MN
1991,Minnesota,29479,MN
1990,Minnesota,31465,MN
1989,Minnesota,30185,MN
1988,Minnesota,29087,MN
1987,Minnesota,28082,MN
1986,Minnesota,26443,MN
1985,Minnesota,23856,MN
1984,Minnesota,24436,MN
2015,Mississippi,40037,MS
2014,Mississippi,35521,MS
2013,Mississippi,32338,MS
2012,Mississippi,36641,MS
2011,Mississippi,41090,MS
2010,Mississippi,38160,MS
2009,Mississippi,35078,MS
2008,Mississippi,36446,MS
2007,Mississippi,37279,MS
2006,Mississippi,34733,MS
2005,Mississippi,32875,MS
2004,Mississippi,34755,MS
2003,Mississippi,32728,MS
2002,Mississippi,30882,MS
2001,Mississippi,30161,MS
2000,Mississippi,34299,MS
1999,Mississippi,32478,MS
1998,Mississippi,29120,MS
1997,Mississippi,28499,MS
1996,Mississippi,26677,MS
1995,Mississippi,26538,MS
1994,Mississippi,25400,MS
1993,Mississippi,22191,MS
1992,Mississippi,20570,MS
1991,Mississippi,19475,MS
1990,Mississippi,20178,MS
1989,Mississippi,19917,MS
1988,Mississippi,18166,MS
1987,Mississippi,18513,MS
1986,Mississippi,16513,MS
1985,Mississippi,16413,MS
1984,Mississippi,15430,MS
2015,Missouri,59196,MO
2014,Missouri,56630,MO
2013,Missouri,46303,MO
2012,Missouri,49764,MO
2011,Missouri,45774,MO
2010,Missouri,45817,MO
2009,Missouri,48769,MO
2008,Missouri,46038,MO
2007,Missouri,46005,MO
2006,Missouri,44579,MO
2005,Missouri,42986,MO
2004,Missouri,42137,MO
2003,Missouri,43762,MO
2002,Missouri,42776,MO
2001,Missouri,41339,MO
2000,Missouri,45097,MO
1999,Missouri,41383,MO
1998,Missouri,40201,MO
1997,Missouri,36553,MO
1996,Missouri,34265,MO
1995,Missouri,34825,MO
1994,Missouri,30190,MO
1993,Missouri,28682,MO
1992,Missouri,27361,MO
1991,Missouri,27926,MO
1990,Missouri,27332,MO
1989,Missouri,26497,MO
1988,Missouri,23443,MO
1987,Missouri,23720,MO
1986,Missouri,21925,MO
1985,Missouri,21939,MO
1984,Missouri,20775,MO
2015,Montana,51395,MT
2014,Montana,51102,MT
2013,Montana,43201,MT
2012,Montana,45088,MT
2011,Montana,40277,MT
2010,Montana,41280,MT
2009,Montana,40437,MT
2008,Montana,42900,MT
2007,Montana,43655,MT
2006,Montana,41105,MT
2005,Montana,37313,MT
2004,Montana,33956,MT
2003,Montana,34108,MT
2002,Montana,34835,MT
2001,Montana,32126,MT
2000,Montana,32777,MT
1999,Montana,31038,MT
1998,Montana,31577,MT
1997,Montana,29212,MT
1996,Montana,28684,MT
1995,Montana,27757,MT
1994,Montana,27631,MT
1993,Montana,26470,MT
1992,Montana,26525,MT
1991,Montana,24827,MT
1990,Montana,23375,MT
1989,Montana,23692,MT
1988,Montana,22231,MT
1987,Montana,20474,MT
1986,Montana,20328,MT
1985,Montana,20236,MT
1984,Montana,19536,MT
2015,Nebraska,60474,NE
2014,Nebraska,56870,NE
2013,Nebraska,57623,NE
2012,Nebraska,52196,NE
2011,Nebraska,55616,NE
2010,Nebraska,52504,NE
2009,Nebraska,49595,NE
2008,Nebraska,50728,NE
2007,Nebraska,49174,NE
2006,Nebraska,48145,NE
2005,Nebraska,47923,NE
2004,Nebraska,43786,NE
2003,Nebraska,43974,NE
2002,Nebraska,42796,NE
2001,Nebraska,43611,NE
2000,Nebraska,41750,NE
1999,Nebraska,38626,NE
1998,Nebraska,36413,NE
1997,Nebraska,34692,NE
1996,Nebraska,34014,NE
1995,Nebraska,32929,NE
1994,Nebraska,31794,NE
1993,Nebraska,31008,NE
1992,Nebraska,30048,NE
1991,Nebraska,29549,NE
1990,Nebraska,27482,NE
1989,Nebraska,26319,NE
1988,Nebraska,25159,NE
1987,Nebraska,23268,NE
1986,Nebraska,21772,NE
1985,Nebraska,21799,NE
1984,Nebraska,21397,NE
2015,Nevada,52008,NV
2014,Nevada,49875,NV
2013,Nevada,51846,NV
2012,Nevada,47333,NV
2011,Nevada,47043,NV
2010,Nevada,51200,NV
2009,Nevada,51434,NV
2008,Nevada,54744,NV
2007,Nevada,54058,NV
2006,Nevada,52282,NV
2005,Nevada,48209,NV
2004,Nevada,47204,NV
2003,Nevada,45184,NV
2002,Nevada,44958,NV
2001,Nevada,45403,NV
2000,Nevada,45758,NV
1999,Nevada,41461,NV
1998,Nevada,39756,NV
1997,Nevada,38854,NV
1996,Nevada,38540,NV
1995,Nevada,36084,NV
1994,Nevada,35871,NV
1993,Nevada,35814,NV
1992,Nevada,31908,NV
1991,Nevada,32937,NV
1990,Nevada,32023,NV
1989,Nevada,29340,NV
1988,Nevada,27983,NV
1987,Nevada,26878,NV
1986,Nevada,26217,NV
1985,Nevada,23274,NV
1984,Nevada,25776,NV
2015,New.Hampshire,75675,NH
2014,New.Hampshire,73397,NH
2013,New.Hampshire,69099,NH
2012,New.Hampshire,67819,NH
2011,New.Hampshire,65880,NH
2010,New.Hampshire,66633,NH
2009,New.Hampshire,64131,NH
2008,New.Hampshire,66176,NH
2007,New.Hampshire,67576,NH
2006,New.Hampshire,61970,NH
2005,New.Hampshire,56984,NH
2004,New.Hampshire,56815,NH
2003,New.Hampshire,55567,NH
2002,New.Hampshire,55321,NH
2001,New.Hampshire,51331,NH
2000,New.Hampshire,50926,NH
1999,New.Hampshire,46055,NH
1998,New.Hampshire,44958,NH
1997,New.Hampshire,40998,NH
1996,New.Hampshire,39407,NH
1995,New.Hampshire,39171,NH
1994,New.Hampshire,35245,NH
1993,New.Hampshire,37964,NH
1992,New.Hampshire,39436,NH
1991,New.Hampshire,36032,NH
1990,New.Hampshire,40805,NH
1989,New.Hampshire,37532,NH
1988,New.Hampshire,34625,NH
1987,New.Hampshire,32338,NH
1986,New.Hampshire,30548,NH
1985,New.Hampshire,26403,NH
1984,New.Hampshire,25914,NH
2015,New.Jersey,68357,NJ
2014,New.Jersey,65243,NJ
2013,New.Jersey,63754,NJ
2012,New.Jersey,66692,NJ
2011,New.Jersey,62338,NJ
2010,New.Jersey,62968,NJ
2009,New.Jersey,64777,NJ
2008,New.Jersey,65306,NJ
2007,New.Jersey,60508,NJ
2006,New.Jersey,68059,NJ
2005,New.Jersey,63368,NJ
2004,New.Jersey,55275,NJ
2003,New.Jersey,56045,NJ
2002,New.Jersey,54568,NJ
2001,New.Jersey,51771,NJ
2000,New.Jersey,50405,NJ
1999,New.Jersey,49734,NJ
1998,New.Jersey,49826,NJ
1997,New.Jersey,48021,NJ
1996,New.Jersey,47468,NJ
1995,New.Jersey,43924,NJ
1994,New.Jersey,42280,NJ
1993,New.Jersey,40500,NJ
1992,New.Jersey,39000,NJ
1991,New.Jersey,40049,NJ
1990,New.Jersey,38734,NJ
1989,New.Jersey,39120,NJ
1988,New.Jersey,36287,NJ
1987,New.Jersey,34241,NJ
1986,New.Jersey,31715,NJ
1985,New.Jersey,30980,NJ
1984,New.Jersey,27776,NJ
2015,New.Mexico,45119,NM
2014,New.Mexico,46686,NM
2013,New.Mexico,40166,NM
2012,New.Mexico,43424,NM
2011,New.Mexico,41982,NM
2010,New.Mexico,45134,NM
2009,New.Mexico,43542,NM
2008,New.Mexico,42102,NM
2007,New.Mexico,44356,NM
2006,New.Mexico,40028,NM
2005,New.Mexico,38947,NM
2004,New.Mexico,39562,NM
2003,New.Mexico,35105,NM
2002,New.Mexico,35457,NM
2001,New.Mexico,33124,NM
2000,New.Mexico,35093,NM
1999,New.Mexico,32574,NM
1998,New.Mexico,31543,NM
1997,New.Mexico,30086,NM
1996,New.Mexico,25086,NM
1995,New.Mexico,25991,NM
1994,New.Mexico,26905,NM
1993,New.Mexico,26758,NM
1992,New.Mexico,25860,NM
1991,New.Mexico,26540,NM
1990,New.Mexico,25039,NM
1989,New.Mexico,22602,NM
1988,New.Mexico,19296,NM
1987,New.Mexico,20758,NM
1986,New.Mexico,19845,NM
1985,New.Mexico,20423,NM
1984,New.Mexico,20630,NM
2015,New.York,58005,NY
2014,New.York,54310,NY
2013,New.York,49966,NY
2012,New.York,47680,NY
2011,New.York,50636,NY
2010,New.York,49781,NY
2009,New.York,50216,NY
2008,New.York,50461,NY
2007,New.York,48944,NY
2006,New.York,48222,NY
2005,New.York,47176,NY
2004,New.York,44649,NY
2003,New.York,42788,NY
2002,New.York,41966,NY
2001,New.York,42114,NY
2000,New.York,40744,NY
1999,New.York,39989,NY
1998,New.York,37394,NY
1997,New.York,35798,NY
1996,New.York,35410,NY
1995,New.York,33028,NY
1994,New.York,31899,NY
1993,New.York,31697,NY
1992,New.York,31051,NY
1991,New.York,31794,NY
1990,New.York,31591,NY
1989,New.York,31496,NY
1988,New.York,28915,NY
1987,New.York,26384,NY
1986,New.York,25025,NY
1985,New.York,23639,NY
1984,New.York,22027,NY
2015,North.Carolina,50797,NC
2014,North.Carolina,46784,NC
2013,North.Carolina,46337,NC
2012,North.Carolina,41553,NC
2011,North.Carolina,45206,NC
2010,North.Carolina,43830,NC
2009,North.Carolina,41906,NC
2008,North.Carolina,42930,NC
2007,North.Carolina,43513,NC
2006,North.Carolina,39797,NC
2005,North.Carolina,42056,NC
2004,North.Carolina,40238,NC
2003,North.Carolina,37279,NC
2002,North.Carolina,36515,NC
2001,North.Carolina,38162,NC
2000,North.Carolina,38317,NC
1999,North.Carolina,37254,NC
1998,North.Carolina,35838,NC
1997,North.Carolina,35840,NC
1996,North.Carolina,35601,NC
1995,North.Carolina,31979,NC
1994,North.Carolina,30114,NC
1993,North.Carolina,28820,NC
1992,North.Carolina,27771,NC
1991,North.Carolina,26853,NC
1990,North.Carolina,26329,NC
1989,North.Carolina,26406,NC
1988,North.Carolina,24415,NC
1987,North.Carolina,22760,NC
1986,North.Carolina,21861,NC
1985,North.Carolina,21451,NC
1984,North.Carolina,20569,NC
2015,North.Dakota,57415,ND
2014,North.Dakota,60730,ND
2013,North.Dakota,59152,ND
2012,North.Dakota,55766,ND
2011,North.Dakota,56361,ND
2010,North.Dakota,51006,ND
2009,North.Dakota,50075,ND
2008,North.Dakota,49631,ND
2007,North.Dakota,47205,ND
2006,North.Dakota,41047,ND
2005,North.Dakota,42192,ND
2004,North.Dakota,39220,ND
2003,North.Dakota,40410,ND
2002,North.Dakota,36200,ND
2001,North.Dakota,35793,ND
2000,North.Dakota,35996,ND
1999,North.Dakota,32663,ND
1998,North.Dakota,30304,ND
1997,North.Dakota,31661,ND
1996,North.Dakota,31470,ND
1995,North.Dakota,29089,ND
1994,North.Dakota,28278,ND
1993,North.Dakota,28118,ND
1992,North.Dakota,26959,ND
1991,North.Dakota,25892,ND
1990,North.Dakota,25264,ND
1989,North.Dakota,25229,ND
1988,North.Dakota,24092,ND
1987,North.Dakota,22576,ND
1986,North.Dakota,21508,ND
1985,North.Dakota,21205,ND
1984,North.Dakota,20771,ND
2015,Ohio,53301,OH
2014,Ohio,49644,OH
2013,Ohio,50748,OH
2012,Ohio,44375,OH
2011,Ohio,44648,OH
2010,Ohio,45886,OH
2009,Ohio,45879,OH
2008,Ohio,46934,OH
2007,Ohio,49099,OH
2006,Ohio,45900,OH
2005,Ohio,44203,OH
2004,Ohio,43055,OH
2003,Ohio,43520,OH
2002,Ohio,42684,OH
2001,Ohio,41785,OH
2000,Ohio,42962,OH
1999,Ohio,39489,OH
1998,Ohio,38925,OH
1997,Ohio,36134,OH
1996,Ohio,34070,OH
1995,Ohio,34941,OH
1994,Ohio,31855,OH
1993,Ohio,31285,OH
1992,Ohio,31404,OH
1991,Ohio,29790,OH
1990,Ohio,30013,OH
1989,Ohio,29021,OH
1988,Ohio,27740,OH
1987,Ohio,25773,OH
1986,Ohio,25115,OH
1985,Ohio,25174,OH
1984,Ohio,23123,OH
2015,Oklahoma,47077,OK
2014,Oklahoma,47199,OK
2013,Oklahoma,46162,OK
2012,Oklahoma,48407,OK
2011,Oklahoma,48455,OK
2010,Oklahoma,43103,OK
2009,Oklahoma,45878,OK
2008,Oklahoma,46111,OK
2007,Oklahoma,43216,OK
2006,Oklahoma,38838,OK
2005,Oklahoma,37645,OK
2004,Oklahoma,39614,OK
2003,Oklahoma,35902,OK
2002,Oklahoma,36458,OK
2001,Oklahoma,35609,OK
2000,Oklahoma,32432,OK
1999,Oklahoma,32683,OK
1998,Oklahoma,33727,OK
1997,Oklahoma,31351,OK
1996,Oklahoma,27437,OK
1995,Oklahoma,26311,OK
1994,Oklahoma,26991,OK
1993,Oklahoma,26260,OK
1992,Oklahoma,25284,OK
1991,Oklahoma,25462,OK
1990,Oklahoma,24384,OK
1989,Oklahoma,23667,OK
1988,Oklahoma,23667,OK
1987,Oklahoma,21691,OK
1986,Oklahoma,20948,OK
1985,Oklahoma,21205,OK
1984,Oklahoma,21148,OK
2015,Oregon,60834,OR
2014,Oregon,58875,OR
2013,Oregon,48999,OR
2012,Oregon,51775,OR
2011,Oregon,51526,OR
2010,Oregon,50602,OR
2009,Oregon,49098,OR
2008,Oregon,51727,OR
2007,Oregon,50236,OR
2006,Oregon,47091,OR
2005,Oregon,44159,OR
2004,Oregon,40994,OR
2003,Oregon,41638,OR
2002,Oregon,41802,OR
2001,Oregon,41273,OR
2000,Oregon,42499,OR
1999,Oregon,40619,OR
1998,Oregon,39067,OR
1997,Oregon,37247,OR
1996,Oregon,35492,OR
1995,Oregon,36374,OR
1994,Oregon,31456,OR
1993,Oregon,33138,OR
1992,Oregon,31927,OR
1991,Oregon,30190,OR
1990,Oregon,29281,OR
1989,Oregon,28529,OR
1988,Oregon,27748,OR
1987,Oregon,25038,OR
1986,Oregon,24773,OR
1985,Oregon,21894,OR
1984,Oregon,21399,OR
2015,Pennsylvania,60389,PA
2014,Pennsylvania,55173,PA
2013,Pennsylvania,55156,PA
2012,Pennsylvania,51904,PA
2011,Pennsylvania,49910,PA
2010,Pennsylvania,48314,PA
2009,Pennsylvania,48172,PA
2008,Pennsylvania,51402,PA
2007,Pennsylvania,48437,PA
2006,Pennsylvania,48477,PA
2005,Pennsylvania,46300,PA
2004,Pennsylvania,44106,PA
2003,Pennsylvania,42933,PA
2002,Pennsylvania,42498,PA
2001,Pennsylvania,43499,PA
2000,Pennsylvania,42176,PA
1999,Pennsylvania,37758,PA
1998,Pennsylvania,39015,PA
1997,Pennsylvania,37517,PA
1996,Pennsylvania,34899,PA
1995,Pennsylvania,34524,PA
1994,Pennsylvania,32066,PA
1993,Pennsylvania,30995,PA
1992,Pennsylvania,29882,PA
1991,Pennsylvania,30367,PA
1990,Pennsylvania,29005,PA
1989,Pennsylvania,28690,PA
1988,Pennsylvania,26742,PA
1987,Pennsylvania,25424,PA
1986,Pennsylvania,23807,PA
1985,Pennsylvania,22877,PA
1984,Pennsylvania,20346,PA
2015,Rhode.Island,55701,RI
2014,Rhode.Island,58633,RI
2013,Rhode.Island,56323,RI
2012,Rhode.Island,56065,RI
2011,Rhode.Island,49033,RI
2010,Rhode.Island,51623,RI
2009,Rhode.Island,51634,RI
2008,Rhode.Island,53241,RI
2007,Rhode.Island,54210,RI
2006,Rhode.Island,53736,RI
2005,Rhode.Island,49484,RI
2004,Rhode.Island,47935,RI
2003,Rhode.Island,44711,RI
2002,Rhode.Island,42417,RI
2001,Rhode.Island,45723,RI
2000,Rhode.Island,42197,RI
1999,Rhode.Island,42719,RI
1998,Rhode.Island,40686,RI
1997,Rhode.Island,34797,RI
1996,Rhode.Island,36986,RI
1995,Rhode.Island,35359,RI
1994,Rhode.Island,31928,RI
1993,Rhode.Island,33509,RI
1992,Rhode.Island,30432,RI
1991,Rhode.Island,30836,RI
1990,Rhode.Island,31968,RI
1989,Rhode.Island,30124,RI
1988,Rhode.Island,29842,RI
1987,Rhode.Island,28292,RI
1986,Rhode.Island,26540,RI
1985,Rhode.Island,24625,RI
1984,Rhode.Island,21612,RI
2015,South.Carolina,46360,SC
2014,South.Carolina,44929,SC
2013,South.Carolina,43563,SC
2012,South.Carolina,44401,SC
2011,South.Carolina,40084,SC
2010,South.Carolina,41698,SC
2009,South.Carolina,41101,SC
2008,South.Carolina,42155,SC
2007,South.Carolina,44213,SC
2006,South.Carolina,39617,SC
2005,South.Carolina,40230,SC
2004,South.Carolina,38691,SC
2003,South.Carolina,38479,SC
2002,South.Carolina,37812,SC
2001,South.Carolina,37736,SC
2000,South.Carolina,37570,SC
1999,South.Carolina,36462,SC
1998,South.Carolina,33267,SC
1997,South.Carolina,34262,SC
1996,South.Carolina,34665,SC
1995,South.Carolina,29071,SC
1994,South.Carolina,29846,SC
1993,South.Carolina,26053,SC
1992,South.Carolina,27578,SC
1991,South.Carolina,27463,SC
1990,South.Carolina,28735,SC
1989,South.Carolina,23798,SC
1988,South.Carolina,25533,SC
1987,South.Carolina,25049,SC
1986,South.Carolina,21968,SC
1985,South.Carolina,20036,SC
1984,South.Carolina,20309,SC
2015,South.Dakota,55065,SD
2014,South.Dakota,53053,SD
2013,South.Dakota,53413,SD
2012,South.Dakota,49415,SD
2011,South.Dakota,47223,SD
2010,South.Dakota,45352,SD
2009,South.Dakota,45826,SD
2008,South.Dakota,51600,SD
2007,South.Dakota,46418,SD
2006,South.Dakota,45427,SD
2005,South.Dakota,43151,SD
2004,South.Dakota,41107,SD
2003,South.Dakota,39522,SD
2002,South.Dakota,37873,SD
2001,South.Dakota,39671,SD
2000,South.Dakota,36475,SD
1999,South.Dakota,35828,SD
1998,South.Dakota,32786,SD
1997,South.Dakota,29694,SD
1996,South.Dakota,29526,SD
1995,South.Dakota,29578,SD
1994,South.Dakota,29733,SD
1993,South.Dakota,27737,SD
1992,South.Dakota,26259,SD
1991,South.Dakota,24639,SD
1990,South.Dakota,24571,SD
1989,South.Dakota,24108,SD
1988,South.Dakota,22294,SD
1987,South.Dakota,21151,SD
1986,South.Dakota,19898,SD
1985,South.Dakota,18142,SD
1984,South.Dakota,19409,SD
2015,Tennessee,47330,TN
2014,Tennessee,43716,TN
2013,Tennessee,43361,TN
2012,Tennessee,42995,TN
2011,Tennessee,42279,TN
2010,Tennessee,38591,TN
2009,Tennessee,40517,TN
2008,Tennessee,39702,TN
2007,Tennessee,41195,TN
2006,Tennessee,40693,TN
2005,Tennessee,39406,TN
2004,Tennessee,38072,TN
2003,Tennessee,37523,TN
2002,Tennessee,37030,TN
2001,Tennessee,35783,TN
2000,Tennessee,34096,TN
1999,Tennessee,36522,TN
1998,Tennessee,34091,TN
1997,Tennessee,30636,TN
1996,Tennessee,30790,TN
1995,Tennessee,29015,TN
1994,Tennessee,28639,TN
1993,Tennessee,25102,TN
1992,Tennessee,24318,TN
1991,Tennessee,24453,TN
1990,Tennessee,22592,TN
1989,Tennessee,22611,TN
1988,Tennessee,20856,TN
1987,Tennessee,21179,TN
1986,Tennessee,18256,TN
1985,Tennessee,17778,TN
1984,Tennessee,16782,TN
2015,Texas,56473,TX
2014,Texas,53875,TX
2013,Texas,51406,TX
2012,Texas,51926,TX
2011,Texas,49047,TX
2010,Texas,47266,TX
2009,Texas,47475,TX
2008,Texas,46490,TX
2007,Texas,46053,TX
2006,Texas,43307,TX
2005,Texas,41422,TX
2004,Texas,41397,TX
2003,Texas,39271,TX
2002,Texas,40149,TX
2001,Texas,40860,TX
2000,Texas,38609,TX
1999,Texas,38688,TX
1998,Texas,35783,TX
1997,Texas,35075,TX
1996,Texas,33072,TX
1995,Texas,32039,TX
1994,Texas,30755,TX
1993,Texas,28727,TX
1992,Texas,27953,TX
1991,Texas,27733,TX
1990,Texas,28228,TX
1989,Texas,25886,TX
1988,Texas,24963,TX
1987,Texas,24721,TX
1986,Texas,24162,TX
1985,Texas,23743,TX
1984,Texas,23024,TX
2015,Utah,66258,UT
2014,Utah,63383,UT
2013,Utah,61047,UT
2012,Utah,58341,UT
2011,Utah,55493,UT
2010,Utah,56701,UT
2009,Utah,58491,UT
2008,Utah,62537,UT
2007,Utah,53529,UT
2006,Utah,54628,UT
2005,Utah,54813,UT
2004,Utah,50871,UT
2003,Utah,49275,UT
2002,Utah,47861,UT
2001,Utah,47342,UT
2000,Utah,47550,UT
1999,Utah,46050,UT
1998,Utah,44299,UT
1997,Utah,42775,UT
1996,Utah,37038,UT
1995,Utah,36480,UT
1994,Utah,35716,UT
1993,Utah,35786,UT
1992,Utah,34251,UT
1991,Utah,28016,UT
1990,Utah,30142,UT
1989,Utah,30717,UT
1988,Utah,26313,UT
1987,Utah,26529,UT
1986,Utah,26281,UT
1985,Utah,25238,UT
1984,Utah,23057,UT
2015,Vermont,59494,VT
2014,Vermont,60708,VT
2013,Vermont,65513,VT
2012,Vermont,55582,VT
2011,Vermont,51862,VT
2010,Vermont,55928,VT
2009,Vermont,52318,VT
2008,Vermont,50706,VT
2007,Vermont,47390,VT
2006,Vermont,51981,VT
2005,Vermont,50704,VT
2004,Vermont,47329,VT
2003,Vermont,43261,VT
2002,Vermont,42999,VT
2001,Vermont,40794,VT
2000,Vermont,39594,VT
1999,Vermont,41584,VT
1998,Vermont,39372,VT
1997,Vermont,35053,VT
1996,Vermont,32358,VT
1995,Vermont,33824,VT
1994,Vermont,35802,VT
1993,Vermont,31065,VT
1992,Vermont,32755,VT
1991,Vermont,29155,VT
1990,Vermont,31098,VT
1989,Vermont,31295,VT
1988,Vermont,28988,VT
1987,Vermont,25415,VT
1986,Vermont,24599,VT
1985,Vermont,26000,VT
1984,Vermont,22578,VT
2015,Virginia,61486,VA
2014,Virginia,66155,VA
2013,Virginia,65907,VA
2012,Virginia,64632,VA
2011,Virginia,62616,VA
2010,Virginia,60367,VA
2009,Virginia,60501,VA
2008,Virginia,61985,VA
2007,Virginia,59161,VA
2006,Virginia,57119,VA
2005,Virginia,51914,VA
2004,Virginia,51141,VA
2003,Virginia,54783,VA
2002,Virginia,49631,VA
2001,Virginia,50241,VA
2000,Virginia,47163,VA
1999,Virginia,45693,VA
1998,Virginia,43354,VA
1997,Virginia,42957,VA
1996,Virginia,39211,VA
1995,Virginia,36222,VA
1994,Virginia,37647,VA
1993,Virginia,36433,VA
1992,Virginia,38198,VA
1991,Virginia,36137,VA
1990,Virginia,35073,VA
1989,Virginia,34118,VA
1988,Virginia,32648,VA
1987,Virginia,29996,VA
1986,Virginia,29715,VA
1985,Virginia,28429,VA
1984,Virginia,26525,VA
2015,Washington,67243,WA
2014,Washington,59068,WA
2013,Washington,63922,WA
2012,Washington,62187,WA
2011,Washington,56850,WA
2010,Washington,56163,WA
2009,Washington,60392,WA
2008,Washington,56631,WA
2007,Washington,58080,WA
2006,Washington,54723,WA
2005,Washington,50646,WA
2004,Washington,49922,WA
2003,Washington,47508,WA
2002,Washington,45183,WA
2001,Washington,42490,WA
2000,Washington,42525,WA
1999,Washington,45473,WA
1998,Washington,47421,WA
1997,Washington,44562,WA
1996,Washington,36676,WA
1995,Washington,35568,WA
1994,Washington,33533,WA
1993,Washington,35655,WA
1992,Washington,33900,WA
1991,Washington,33970,WA
1990,Washington,32112,WA
1989,Washington,31961,WA
1988,Washington,32327,WA
1987,Washington,27319,WA
1986,Washington,26881,WA
1985,Washington,24000,WA
1984,Washington,25017,WA
2015,West.Virginia,42824,WV
2014,West.Virginia,39552,WV
2013,West.Virginia,43069,WV
2012,West.Virginia,43553,WV
2011,West.Virginia,41821,WV
2010,West.Virginia,42777,WV
2009,West.Virginia,40490,WV
2008,West.Virginia,37994,WV
2007,West.Virginia,42091,WV
2006,West.Virginia,38419,WV
2005,West.Virginia,36445,WV
2004,West.Virginia,33373,WV
2003,West.Virginia,32763,WV
2002,West.Virginia,29359,WV
2001,West.Virginia,29673,WV
2000,West.Virginia,29411,WV
1999,West.Virginia,29297,WV
1998,West.Virginia,26704,WV
1997,West.Virginia,27488,WV
1996,West.Virginia,25247,WV
1995,West.Virginia,24880,WV
1994,West.Virginia,23564,WV
1993,West.Virginia,22421,WV
1992,West.Virginia,20271,WV
1991,West.Virginia,23147,WV
1990,West.Virginia,22137,WV
1989,West.Virginia,21677,WV
1988,West.Virginia,19353,WV
1987,West.Virginia,17207,WV
1986,West.Virginia,16464,WV
1985,West.Virginia,15983,WV
1984,West.Virginia,16843,WV
2015,Wisconsin,55425,WI
2014,Wisconsin,58080,WI
2013,Wisconsin,51726,WI
2012,Wisconsin,53079,WI
2011,Wisconsin,52058,WI
2010,Wisconsin,50351,WI
2009,Wisconsin,51237,WI
2008,Wisconsin,51200,WI
2007,Wisconsin,51277,WI
2006,Wisconsin,51692,WI
2005,Wisconsin,44650,WI
2004,Wisconsin,45732,WI
2003,Wisconsin,46269,WI
2002,Wisconsin,45903,WI
2001,Wisconsin,45346,WI
2000,Wisconsin,45088,WI
1999,Wisconsin,45667,WI
1998,Wisconsin,41327,WI
1997,Wisconsin,39595,WI
1996,Wisconsin,40001,WI
1995,Wisconsin,40955,WI
1994,Wisconsin,35388,WI
1993,Wisconsin,31766,WI
1992,Wisconsin,33308,WI
1991,Wisconsin,31133,WI
1990,Wisconsin,30711,WI
1989,Wisconsin,29123,WI
1988,Wisconsin,29575,WI
1987,Wisconsin,26369,WI
1986,Wisconsin,26430,WI
1985,Wisconsin,23246,WI
1984,Wisconsin,20743,WI
2015,Wyoming,60925,WY
2014,Wyoming,55690,WY
2013,Wyoming,67441,WY
2012,Wyoming,57512,WY
2011,Wyoming,54509,WY
2010,Wyoming,52201,WY
2009,Wyoming,52470,WY
2008,Wyoming,53337,WY
2007,Wyoming,48744,WY
2006,Wyoming,47041,WY
2005,Wyoming,44718,WY
2004,Wyoming,45397,WY
2003,Wyoming,42555,WY
2002,Wyoming,39763,WY
2001,Wyoming,39719,WY
2000,Wyoming,39629,WY
1999,Wyoming,37248,WY
1998,Wyoming,35250,WY
1997,Wyoming,33423,WY
1996,Wyoming,30953,WY
1995,Wyoming,31529,WY
1994,Wyoming,33140,WY
1993,Wyoming,29442,WY
1992,Wyoming,30209,WY
1991,Wyoming,29050,WY
1990,Wyoming,29460,WY
1989,Wyoming,29521,WY
1988,Wyoming,26419,WY
1987,Wyoming,27590,WY
1986,Wyoming,23559,WY
1985,Wyoming,22081,WY
1984,Wyoming,23816,WY